{
    "name": "root",
    "gauges": {
        "rocketlanding.Policy.Entropy.mean": {
            "value": -5.960463909104874e-07,
            "min": -5.960463909104874e-07,
            "max": -5.960463909104874e-07,
            "count": 37
        },
        "rocketlanding.Policy.Entropy.sum": {
            "value": -0.01266539003700018,
            "min": -0.013808010146021843,
            "max": -0.01078247930854559,
            "count": 37
        },
        "rocketlanding.Step.mean": {
            "value": 739976.0,
            "min": 19957.0,
            "max": 739976.0,
            "count": 37
        },
        "rocketlanding.Step.sum": {
            "value": 739976.0,
            "min": 19957.0,
            "max": 739976.0,
            "count": 37
        },
        "rocketlanding.Policy.ExtrinsicValueEstimate.mean": {
            "value": 7.66123104095459,
            "min": -32194.740234375,
            "max": 103.51229858398438,
            "count": 37
        },
        "rocketlanding.Policy.ExtrinsicValueEstimate.sum": {
            "value": 1379.0216064453125,
            "min": -5569690.0,
            "max": 19977.873046875,
            "count": 37
        },
        "rocketlanding.Policy.GailValueEstimate.mean": {
            "value": 143.29989624023438,
            "min": -604.4932861328125,
            "max": 17672.380859375,
            "count": 37
        },
        "rocketlanding.Policy.GailValueEstimate.sum": {
            "value": 25793.98046875,
            "min": -105786.3203125,
            "max": 3057322.0,
            "count": 37
        },
        "rocketlanding.Losses.PolicyLoss.mean": {
            "value": 0.03515652414674165,
            "min": 0.028661237301121495,
            "max": 0.0401129264346585,
            "count": 37
        },
        "rocketlanding.Losses.PolicyLoss.sum": {
            "value": 0.0703130482934833,
            "min": 0.028661237301121495,
            "max": 0.080225852869317,
            "count": 37
        },
        "rocketlanding.Losses.ValueLoss.mean": {
            "value": 95.73467083481688,
            "min": 1.6582342214882373,
            "max": 1336400824.9864583,
            "count": 37
        },
        "rocketlanding.Losses.ValueLoss.sum": {
            "value": 191.46934166963376,
            "min": 1.6582342214882373,
            "max": 1336400824.9864583,
            "count": 37
        },
        "rocketlanding.Policy.LearningRate.mean": {
            "value": 9.257896914066673e-06,
            "min": 9.257896914066673e-06,
            "max": 0.00029585280138240004,
            "count": 37
        },
        "rocketlanding.Policy.LearningRate.sum": {
            "value": 1.8515793828133346e-05,
            "min": 1.5581294806266647e-05,
            "max": 0.0005777844074052,
            "count": 37
        },
        "rocketlanding.Policy.Epsilon.mean": {
            "value": 0.10308593333333332,
            "min": 0.10308593333333332,
            "max": 0.1986176,
            "count": 37
        },
        "rocketlanding.Policy.Epsilon.sum": {
            "value": 0.20617186666666665,
            "min": 0.10519373333333336,
            "max": 0.3925947999999999,
            "count": 37
        },
        "rocketlanding.Policy.Beta.mean": {
            "value": 0.00031828474000000025,
            "min": 0.00031828474000000025,
            "max": 0.009861898240000003,
            "count": 37
        },
        "rocketlanding.Policy.Beta.sum": {
            "value": 0.0006365694800000005,
            "min": 0.0005288539599999996,
            "max": 0.019260220519999996,
            "count": 37
        },
        "rocketlanding.Policy.GAILPolicyEstimate.mean": {
            "value": 1.0,
            "min": 1.0,
            "max": 1.0,
            "count": 37
        },
        "rocketlanding.Policy.GAILPolicyEstimate.sum": {
            "value": 2.0,
            "min": 1.0,
            "max": 2.0,
            "count": 37
        },
        "rocketlanding.Policy.GAILExpertEstimate.mean": {
            "value": 1.0,
            "min": 1.0,
            "max": 1.0,
            "count": 37
        },
        "rocketlanding.Policy.GAILExpertEstimate.sum": {
            "value": 2.0,
            "min": 1.0,
            "max": 2.0,
            "count": 37
        },
        "rocketlanding.Losses.GAILLoss.mean": {
            "value": 16.118101119995117,
            "min": 16.118101119995117,
            "max": 16.118101119995117,
            "count": 37
        },
        "rocketlanding.Losses.GAILLoss.sum": {
            "value": 32.236202239990234,
            "min": 16.118101119995117,
            "max": 32.236202239990234,
            "count": 37
        },
        "rocketlanding.Policy.GAILGradMagLoss.mean": {
            "value": 9.993677139282227,
            "min": 9.993677139282227,
            "max": 9.993677139282227,
            "count": 37
        },
        "rocketlanding.Policy.GAILGradMagLoss.sum": {
            "value": 19.987354278564453,
            "min": 9.993677139282227,
            "max": 19.987354278564453,
            "count": 37
        },
        "rocketlanding.Losses.PretrainingLoss.mean": {
            "value": 11.350877046585083,
            "min": 11.312050739924114,
            "max": 11.358222961425781,
            "count": 37
        },
        "rocketlanding.Losses.PretrainingLoss.sum": {
            "value": 22.701754093170166,
            "min": 11.3172976175944,
            "max": 22.716445922851562,
            "count": 37
        },
        "rocketlanding.Environment.EpisodeLength.mean": {
            "value": 786.0,
            "min": 417.1090909090909,
            "max": 798.0,
            "count": 34
        },
        "rocketlanding.Environment.EpisodeLength.sum": {
            "value": 21222.0,
            "min": 11421.0,
            "max": 41769.0,
            "count": 34
        },
        "rocketlanding.Environment.CumulativeReward.mean": {
            "value": 59.30000305175781,
            "min": 0.6078205628828569,
            "max": 72.65000343322754,
            "count": 36
        },
        "rocketlanding.Environment.CumulativeReward.sum": {
            "value": 1601.100082397461,
            "min": 24.35006618499756,
            "max": 1961.5500926971436,
            "count": 36
        },
        "rocketlanding.Policy.ExtrinsicReward.mean": {
            "value": 59.30000305175781,
            "min": 0.6078205628828569,
            "max": 72.65000343322754,
            "count": 36
        },
        "rocketlanding.Policy.ExtrinsicReward.sum": {
            "value": 1601.100082397461,
            "min": 24.35006618499756,
            "max": 1961.5500926971436,
            "count": 36
        },
        "rocketlanding.Policy.GailReward.mean": {
            "value": 1254.6656227111816,
            "min": 666.5655711780895,
            "max": 1680.327278137207,
            "count": 36
        },
        "rocketlanding.Policy.GailReward.sum": {
            "value": 33875.971813201904,
            "min": 1273.796485900879,
            "max": 45368.83650970459,
            "count": 36
        },
        "rocketlanding.IsTraining.mean": {
            "value": 1.0,
            "min": 1.0,
            "max": 1.0,
            "count": 37
        },
        "rocketlanding.IsTraining.sum": {
            "value": 1.0,
            "min": 1.0,
            "max": 1.0,
            "count": 37
        }
    },
    "metadata": {
        "timer_format_version": "0.1.0",
        "start_time_seconds": "1733881153",
        "python_version": "3.10.8 (v3.10.8:aaaf517424, Oct 11 2022, 10:14:40) [Clang 13.0.0 (clang-1300.0.29.30)]",
        "command_line_arguments": "/Users/andrewpark/Student Projects/roke/Eric Rocket Project/venv/bin/mlagents-learn config/config.yaml --run-id=TEST2 --force",
        "mlagents_version": "1.1.0",
        "mlagents_envs_version": "1.1.0",
        "communication_protocol_version": "1.5.0",