{"count":1,"self":15.159982399999999,"total":38.387355,"children":{"InitializeActuators":{"count":54,"self":0.0020659999999999997,"total":0.0020659999999999997,"children":null},"InitializeSensors":{"count":54,"self":0.000982,"total":0.000982,"children":null},"AgentSendState":{"count":1857,"self":0.033967,"total":0.081112999999999991,"children":{"CollectObservations":{"count":20088,"self":0.021925999999999998,"total":0.021925999999999998,"children":null},"WriteActionMask":{"count":20088,"self":0.0060739999999999995,"total":0.0060739999999999995,"children":null},"RequestDecision":{"count":20088,"self":0.019146,"total":0.019146,"children":null}}},"DecideAction":{"count":1857,"self":1.6766489999999998,"total":1.6766489999999998,"children":null},"AgentAct":{"count":1857,"self":21.466286399999998,"total":21.466286999999998,"children":null}},"gauges":{"rocket landing.CumulativeReward":{"count":39,"max":-10,"min":-26.8500614,"runningAverage":-13.001543,"value":-13.2999973,"weightedAverage":-12.987999}},"metadata":{"timer_format_version":"0.1.0","start_time_seconds":"1741225442","unity_version":"6000.0.23f1","command_line_arguments":"\/Applications\/Unity\/Hub\/Editor\/6000.0.23f1\/Unity.app\/Contents\/MacOS\/Unity -projectpath \/Users\/andrewpark\/Student Projects\/roke\/Eric Rocket Project -useHub -hubIPC -cloudEnvironment production","communication_protocol_version":"1.5.0","com.unity.ml-agents_version":"3.0.0","scene_name":"Landing","end_time_seconds":"1741225481"}}