{"count":1,"self":105.1728256,"total":980.63020299999994,"children":{"InitializeActuators":{"count":54,"self":0.001983,"total":0.001983,"children":null},"InitializeSensors":{"count":54,"self":0.000897,"total":0.000897,"children":null},"AgentSendState":{"count":47051,"self":0.808595,"total":3.9407039999999998,"children":{"CollectObservations":{"count":508356,"self":0.465203,"total":0.465203,"children":null},"WriteActionMask":{"count":508356,"self":0.14754799999999998,"total":0.14754799999999998,"children":null},"RequestDecision":{"count":508356,"self":0.71255899999999994,"total":2.519358,"children":{"AgentInfo.ToProto":{"count":508356,"self":0.602526,"total":1.8067989999999998,"children":{"GenerateSensorData":{"count":508356,"self":1.204273,"total":1.204273,"children":null}}}}}}},"DecideAction":{"count":47051,"self":349.1853824,"total":349.18537799999996,"children":null},"AgentAct":{"count":47051,"self":522.3074816,"total":522.30748799999992,"children":null},"AgentInfo.ToProto":{"count":1834,"self":0.0076729999999999993,"total":0.020617,"children":{"GenerateSensorData":{"count":1834,"self":0.012943999999999999,"total":0.012943999999999999,"children":null}}}},"gauges":{"rocket landing.CumulativeReward":{"count":1834,"max":23.4995441,"min":-25.8100376,"runningAverage":-2.88817286,"value":-3.35982871,"weightedAverage":-4.783877}},"metadata":{"timer_format_version":"0.1.0","start_time_seconds":"1737243993","unity_version":"6000.0.23f1","command_line_arguments":"\/Applications\/Unity\/Hub\/Editor\/6000.0.23f1\/Unity.app\/Contents\/MacOS\/Unity -projectpath \/Users\/andrewpark\/Student Projects\/roke\/Eric Rocket Project -useHub -hubIPC -cloudEnvironment production","communication_protocol_version":"1.5.0","com.unity.ml-agents_version":"3.0.0","scene_name":"SampleScene","end_time_seconds":"1737244973"}}